individual_id,individual_name,probability
2,2,0.2478120454455299765870903735
5,3,0.1376636124596737024211284761
3,5,0.00001246000957982106964623190245
6,6,0.0000403683794104688460432884385
7,7,0.00003139680274611442016441950080
