individual_id,individual_name,probability
2,2,0.2464033922193705509995300229
5,3,0.1381634386457625155063826308
3,5,0.00001462684788861729346201125218
6,6,0.00003946652495724126351277116437
7,7,0.00003064181022076510875790449119
