individual_id,individual_name,probability
2,2,0.3850922662244695424066002443
5,3,0.2763135723014431968336824316
3,5,0.00002489996688642383773273193357
6,6,0.0000550921276735851697100890636
7,7,0.00006933096736212331475646710743
