individual_id,individual_name,probability
2,2,0.2458047928353086446632864359
5,3,0.1370317893579428465594421710
3,5,0.00001432912079595994397012848139
6,6,0.00002980153833197308147805650813
7,7,0.0000343136621609728692349006147
