individual_id,individual_name,probability
2,2,0.2530880422963321854903676062
5,3,0.1414916232756652942676649392
3,5,0.000009902940715047019658827321543
6,6,0.00003042866133064497052042591632
7,7,0.00002239544204946867258356890839
