individual_id,individual_name,probability
2,2,0.2476856863775061287931311914
5,3,0.1390120790150473312289951923
3,5,0.00001411363265954349133562164716
6,6,0.0000381811331526392012493266505
7,7,0.0000495181478593649519173526842
