individual_id,individual_name,probability
M-2853,M-2853,0.00003925221929660893237815638643
M-8462,M-8462,0.001917316200389039457286695646
M-1478,M-1478,0.001846013002528400475717847084
