individual_id,individual_name,probability
2,2,0.2505418904168475985932436255
5,3,0.1401346808920487063743583846
3,5,0.00001089017874012780093347100358
6,6,0.00003545989495176264543950055883
7,7,0.0000376634257282941244074239466
