individual_id,individual_name,probability
2,2,0.2486977561301516769799967562
5,3,0.1388624941750042727734799495
3,5,0.00005732981196309042347520295283
6,6,0.00004577067532959034623970866583
7,7,0.0000694984957666451690644827310
