individual_id,individual_name,probability
2,2,0.2490142975914455826323052329
5,3,0.1387791168509922985382671421
3,5,0.00005582166098595766552065846527
6,6,0.00002780549631252232436633330861
7,7,0.0000404254601999506070247383318
