individual_id,individual_name,probability
2,2,0.490871387142742136356625187
4,4,0.3789064411222688412201367933
5,5,0.0409710201460057668902214889
6,6,0.0595591788606766595914925568
7,7,0.0580733243603196871878664682
