individual_id,individual_name,probability
2,2,0.2435469420407203208811879494
5,3,0.1362940709500814496567349741
3,5,0.00001255344727863018634670728062
6,6,0.00004039461622694625579847548997
7,7,0.0000368010445744142088468083622
