individual_id,individual_name,probability
2,2,0.2483729465224080944280423573
5,3,0.1385544586430669947076897788
3,5,0.0000763309610182731609965418807
6,6,0.0000465981491430138480373035198
7,7,0.0000423968153468190501923021459
